Workbook

Sheet tblCampaings
A1: Id | B1: CampaignDescription | C1: CampaignName | D1: CampaignNotes | E1: Status | F1: Client | G1: JobNumber | H1: EventType | I1: importSequenceNumber | J1: MasterProgram | K1: CampaignOwner | L1: CampaignOwnerEmail | M1: Region | N1: CreatedByName | O1: CreatedBy | P1: CreatedOn | Q1: UpdatedByName | R1: JobNumbers | S1: Visible | T1: Year | U1: Month | V1: YearMonth
A2: MONYCVER2408271448 | B2: Lorem ipsum dolor sit amet consectetur adipisicing elit. Maxime mollitia,molestiae quas vel sint commodi repudiandae consequuntur voluptatum laborumnumquam blanditiis harum quisquam eius sed odit fugiat iusto fuga praesentiumoptio, eaque rerum! | C2: Home Shows | D2: Lorem ipsum dolor sit amet consectetur adipisicing elit. Maxime mollitia,molestiae quas vel sint commodi repudiandae consequuntur voluptatum laborumnumquam blanditiis harum quisquam eius sed odit fugiat iusto fuga praesentiumoptio, eaque rerum! | E2: Completed | F2: Verizon | G2: 12198000 | H2: Game | J2: Highper Local | K2: Luis Bustos | L2: Luis.Bustos@momentumww.com | M2: Southwest | N2: Luis Bustos | O2: Luis.Bustos@momentumww.com | P2: 45536.504 | Q2: Luis Bustos | S2: TRUE | T2: 2023 | U2: 9 | V2: 202309 | X2: =COUNTIF(tblEvents!$C$2:$C$19,tblCampaing[[#This Row],[Id]]) -> 9
A3: MONYCVER2408271448 | B3: Lorem ipsum dolor sit amet consectetur adipisicing elit. Maxime mollitia,molestiae quas vel sint commodi repudiandae consequuntur voluptatum laborumnumquam blanditiis harum quisquam eius sed odit fugiat iusto fuga praesentiumoptio, eaque rerum! | C3: Party Events | D3: Lorem ipsum dolor sit amet consectetur adipisicing elit. Maxime mollitia,molestiae quas vel sint commodi repudiandae consequuntur voluptatum laborumnumquam blanditiis harum quisquam eius sed odit fugiat iusto fuga praesentiumoptio, eaque rerum! | E3: Active | F3: Verizon | G3: 12198000 | H3: Game | J3: Highper Local | K3: Jason Snyder | L3: Jason.Snyder@momentumww.com | M3: West | N3: Luis Bustos | O3: Luis.Bustos@momentumww.com | P3: 45535.504 | Q3: Luis Bustos | S3: TRUE | T3: 2023 | U3: 9 | V3: 202309 | X3: =COUNTIF(tblEvents!$C$2:$C$19,tblCampaing[[#This Row],[Id]]) -> 9
A4: MONYCCOC2408291053 | B4: Lorem ipsum dolor sit amet consectetur adipisicing elit. Maxime mollitia,molestiae quas vel sint commodi repudiandae consequuntur voluptatum laborumnumquam blanditiis harum quisquam eius sed odit fugiat iusto fuga praesentiumoptio, eaque rerum! | C4: Sports | D4: Lorem ipsum dolor sit amet consectetur adipisicing elit. Maxime mollitia,molestiae quas vel sint commodi repudiandae consequuntur voluptatum laborumnumquam blanditiis harum quisquam eius sed odit fugiat iusto fuga praesentiumoptio, eaque rerum! | E4: Completed | F4: Verizon | G4: 12198000 | H4: Game | J4: Highper Local | K4: Steve Sanderson | L4: Steve.Sanderson@momentumww.com | M4: Nord | N4: Luis Bustos | O4: Luis.Bustos@momentumww.com | P4: 45534.504 | Q4: Luis Bustos | S4: TRUE | T4: 2023 | U4: 9 | V4: 202309 | X4: =COUNTIF(tblEvents!$C$2:$C$19,tblCampaing[[#This Row],[Id]]) -> 9
A5: MONYCCOC2408291053 | B5: Lorem ipsum dolor sit amet consectetur adipisicing elit. Maxime mollitia,molestiae quas vel sint commodi repudiandae consequuntur voluptatum laborumnumquam blanditiis harum quisquam eius sed odit fugiat iusto fuga praesentiumoptio, eaque rerum! | C5: Wedding Events | D5: Lorem ipsum dolor sit amet consectetur adipisicing elit. Maxime mollitia,molestiae quas vel sint commodi repudiandae consequuntur voluptatum laborumnumquam blanditiis harum quisquam eius sed odit fugiat iusto fuga praesentiumoptio, eaque rerum! | E5: Cancelled | F5: Verizon | G5: 12198000 | H5: Game | J5: Highper Local | K5: kristen Baum | L5: kristen.baum@momentumww.com | M5: Nord | N5: Luis Bustos | O5: Luis.Bustos@momentumww.com | P5: 45533.504 | Q5: Luis Bustos | S5: TRUE | T5: 2023 | U5: 9 | V5: 202309 | X5: =COUNTIF(tblEvents!$C$2:$C$19,tblCampaing[[#This Row],[Id]]) -> 9
A6: MONYCCOC2408291053 | B6: Lorem ipsum dolor sit amet consectetur adipisicing elit. Maxime mollitia,molestiae quas vel sint commodi repudiandae consequuntur voluptatum laborumnumquam blanditiis harum quisquam eius sed odit fugiat iusto fuga praesentiumoptio, eaque rerum! | C6: Technology Events | D6: Lorem ipsum dolor sit amet consectetur adipisicing elit. Maxime mollitia,molestiae quas vel sint commodi repudiandae consequuntur voluptatum laborumnumquam blanditiis harum quisquam eius sed odit fugiat iusto fuga praesentiumoptio, eaque rerum! | E6: Inactive | F6: Verizon | G6: 12198000 | H6: Game | J6: Highper Local | K6: Luis Bustos | L6: Luis.Bustos@momentumww.com | M6: Nord | N6: Kristen Baum | O6: Kristen.Baum@momentumww.com | P6: 45532.504 | Q6: Luis Bustos | S6: TRUE | T6: 2023 | U6: 9 | V6: 202309 | X6: =COUNTIF(tblEvents!$C$2:$C$19,tblCampaing[[#This Row],[Id]]) -> 9
A7: MONYCCOC2408291053 | B7: Lorem ipsum dolor sit amet consectetur adipisicing elit. Maxime mollitia,molestiae quas vel sint commodi repudiandae consequuntur voluptatum laborumnumquam blanditiis harum quisquam eius sed odit fugiat iusto fuga praesentiumoptio, eaque rerum! | C7: 5G Truck Phase 2 | D7: Lorem ipsum dolor sit amet consectetur adipisicing elit. Maxime mollitia,molestiae quas vel sint commodi repudiandae consequuntur voluptatum laborumnumquam blanditiis harum quisquam eius sed odit fugiat iusto fuga praesentiumoptio, eaque rerum! | E7: Tentative | F7: Verizon | G7: 12198000 | H7: Game | J7: Highper Local | K7: Luis Bustos | L7: Luis.Bustos@momentumww.com | M7: Southwest | N7: Luis Bustos | O7: Luis.Bustos@momentumww.com | P7: 45538.504 | Q7: Luis Bustos | S7: TRUE | T7: 2023 | U7: 9 | V7: 202309 | X7: =COUNTIF(tblEvents!$C$2:$C$19,tblCampaing[[#This Row],[Id]]) -> 9
A8: MONYCCOC2408291053 | B8: Lorem ipsum dolor sit amet consectetur adipisicing elit. Maxime mollitia,molestiae quas vel sint commodi repudiandae consequuntur voluptatum laborumnumquam blanditiis harum quisquam eius sed odit fugiat iusto fuga praesentiumoptio, eaque rerum! | C8: 5G Truck Phase 1 | D8: Lorem ipsum dolor sit amet consectetur adipisicing elit. Maxime mollitia,molestiae quas vel sint commodi repudiandae consequuntur voluptatum laborumnumquam blanditiis harum quisquam eius sed odit fugiat iusto fuga praesentiumoptio, eaque rerum! | E8: Completed | F8: Verizon | G8: 12198000 | H8: Game | J8: Highper Local | K8: Luis Bustos | L8: Luis.Bustos@momentumww.com | M8: Southwest | N8: Luis Bustos | O8: Luis.Bustos@momentumww.com | P8: 45536.504 | Q8: Luis Bustos | S8: TRUE | T8: 2023 | U8: 9 | V8: 202309

Sheet tblEvents
A1: Active | B1: Id | C1: CampaignId | D1: Country | E1: Client | F1: EventVenue | G1: City | H1: Postcode | I1: Number | J1: Address1 | K1: Address2 | L1: Latitude | M1: Longitude | N1: MomentumOffice | O1: DistanceFromOfficeMi | P1: DistanceFromOfficeKm | Q1: TimeFromOffice(mins) | R1: createdByName | S1: CreatedBy | T1: CreatedOn | U1: UpdatedByName | V1: UpdatedBy | W1: UpdatedOn | X1: EventStartDate | Y1: EventEndDate | Z1: EventDetails | AA1: EventName | AB1: EventNotes | AC1: Status | AD1: ImpoertSequenceNumber | AE1: Index | AF1: Owner | AG1: OwnerName | AH1: Year | AI1: Month | AJ1: YearMonthStart | AK1: YearMonthEnd
A2: TRUE | B2: MONY2308291448VER002 | C2: MONYCVER2408271448 | D2: United States | E2: Verizon | F2: Atlantic Station | G2: Atlanta | H2: 30363 | I2: 1380 | J2: Atlantic Dr NW | K2: Suite 14250 | L2: 33.7925 | M2: -84.3963 | N2: Atlanta Office | O2: 150 | P2: 241.4 | Q2: 355 | R2: Luis Bustos | S2: Luis.Bustos@momentumww.com | T2: 45536.504 | U2: Luis Bustos | V2: Luis.Bustos@momentumww.com | W2: 45536.504 | X2: 45542.504 | Y2: 45541.504 | Z2: Lorem ipsum dolor sit amet consectetur adipisicing elit. Maxime mollitia,molestiae quas vel sint commodi repudiandae consequuntur voluptatum laborumnumquam blanditiis harum quisquam eius sed odit fugiat iusto fuga praesentiumoptio, eaque rerum! | AA2: 5G Truck Phase 1 - Atlantic 1 | AC2: TENTATIVE | AE2: 16 | AF2: Luis.Bustos@momentumww.com | AG2: Luis Bustos | AH2: 2023 | AI2: 9 | AJ2: =X2 -> 45542.504 | AK2: =Y2 -> 45541.504
A3: TRUE | B3: MONY2308291448VER001 | C3: MONYCVER2408271448 | D3: United States | E3: Verizon | F3: Dallas Farmers Market | G3: Dallas | H3: 75201 | I3: 920 | J3: S Harwood St | L3: 32.7797 | M3: -96.795 | N3: Dallas Regional Office | R3: Luis Bustos | S3: Luis.Bustos@momentumww.com | T3: 45535.504 | U3: Luis Bustos | V3: Luis.Bustos@momentumww.com | W3: 45535.504 | X3: 45541.504 | Y3: 45540.504 | Z3: Lorem ipsum dolor sit amet consectetur adipisicing elit. Maxime mollitia,molestiae quas vel sint commodi repudiandae consequuntur voluptatum laborumnumquam blanditiis harum quisquam eius sed odit fugiat iusto fuga praesentiumoptio, eaque rerum! | AA3: 5G Truck Phase 2 - Dallas 1 | AC3: ACTIVE | AE3: 15 | AF3: Luis.Bustos@momentumww.com | AG3: Luis Bustos | AH3: 2023 | AI3: 9 | AJ3: =X3 -> 45541.504 | AK3: =Y3 -> 45540.504
A4: TRUE | B4: MONY2308241537VER003 | C4: MONYCVER2408271448 | D4: United States | E4: Verizon | F4: The Venetian Resort | G4: Las Vegas | H4: 89109 | I4: 3355 | J4: S Las Vegas Blvd | L4: 36.1215 | M4: -115.1728 | N4: Las Vegas Regional Office | R4: Luis Bustos | S4: Luis.Bustos@momentumww.com | T4: 45534.504 | U4: Luis Bustos | V4: Luis.Bustos@momentumww.com | W4: 45534.504 | X4: 45540.504 | Y4: 45539.504 | Z4: Lorem ipsum dolor sit amet consectetur adipisicing elit. Maxime mollitia,molestiae quas vel sint commodi repudiandae consequuntur voluptatum laborumnumquam blanditiis harum quisquam eius sed odit fugiat iusto fuga praesentiumoptio, eaque rerum! | AA4: Home Shows - Atlantic 2 | AC4: ACTIVE | AE4: 14 | AF4: Luis.Bustos@momentumww.com | AG4: Luis Bustos | AH4: 2023 | AI4: 9 | AJ4: =X4 -> 45540.504 | AK4: =Y4 -> 45539.504
A5: TRUE | B5: MONY2308241537VER002 | C5: MONYCVER2408271448 | D5: United States | E5: Verizon | F5: Santa Monica Pier | G5: Santa Monica | H5: 90401 | I5: 200 | J5: Santa Monica Pier | L5: 34.0086 | M5: -118.4953 | N5: Los Angeles Office | R5: Luis Bustos | S5: Luis.Bustos@momentumww.com | T5: 45533.504 | U5: Luis Bustos | V5: Luis.Bustos@momentumww.com | W5: 45533.504 | X5: 45539.504 | Y5: 45538.504 | Z5: Lorem ipsum dolor sit amet consectetur adipisicing elit. Maxime mollitia,molestiae quas vel sint commodi repudiandae consequuntur voluptatum laborumnumquam blanditiis harum quisquam eius sed odit fugiat iusto fuga praesentiumoptio, eaque rerum! | AA5: Home Shows - Atlantic 1 | AC5: INACTIVE | AE5: 13 | AF5: Luis.Bustos@momentumww.com | AG5: Luis Bustos | AH5: 2023 | AI5: 9 | AJ5: =X5 -> 45539.504 | AK5: =Y5 -> 45538.504
A6: TRUE | B6: MONY2308241537VER001 | C6: MONYCVER2408271448 | D6: United States | E6: Verizon | F6: Navy Pier | G6: Chicago | H6: 60611 | I6: 600 | J6: E Grand Ave | L6: 41.8917 | M6: -87.6094 | N6: Chicago Office | R6: Kristen Baum | S6: Kristen.Baum@momentumww.com | T6: 45532.504 | U6: Luis Bustos | V6: Luis.Bustos@momentumww.com | W6: 45532.504 | X6: 45538.504 | Y6: 45537.504 | Z6: Lorem ipsum dolor sit amet consectetur adipisicing elit. Maxime mollitia,molestiae quas vel sint commodi repudiandae consequuntur voluptatum laborumnumquam blanditiis harum quisquam eius sed odit fugiat iusto fuga praesentiumoptio, eaque rerum! | AA6: Home Shows - Dallas 1 | AC6: INACTIVE | AE6: 12 | AF6: Kristen.Baum@momentumww.com | AG6: Kristen Baum | AH6: 2023 | AI6: 9 | AJ6: =X6 -> 45538.504 | AK6: =Y6 -> 45537.504
A7: TRUE | B7: MONY2308241448VER011 | C7: MONYCVER2408271448 | D7: United States | E7: Verizon | R7: Luis Bustos | S7: Luis.Bustos@momentumww.com | T7: 45538.504 | U7: Luis Bustos | V7: Luis.Bustos@momentumww.com | W7: 45538.504 | X7: 45544.504 | Y7: 45543.504 | Z7: Lorem ipsum dolor sit amet consectetur adipisicing elit. Maxime mollitia,molestiae quas vel sint commodi repudiandae consequuntur voluptatum laborumnumquam blanditiis harum quisquam eius sed odit fugiat iusto fuga praesentiumoptio, eaque rerum! | AA7: 5G Truck Phase 1 - Atlantic 6 | AC7: CANCELLED | AE7: 10 | AF7: Luis.Bustos@momentumww.com | AG7: Luis Bustos | AH7: 2023 | AI7: 9 | AJ7: =X7 -> 45544.504 | AK7: =Y7 -> 45543.504
A8: TRUE | B8: MONY2308241448VER009 | C8: MONYCVER2408271448 | D8: United States | E8: Verizon | F8: Union Square | G8: New York | H8: 10003 | I8: 10 | J8: Union Square W | L8: 40.7359 | M8: -73.9911 | N8: New York Office | R8: Luis Bustos | S8: Luis.Bustos@momentumww.com | T8: 45536.504 | U8: Luis Bustos | V8: Luis.Bustos@momentumww.com | W8: 45536.504 | X8: 45542.504 | Y8: 45541.504 | Z8: Lorem ipsum dolor sit amet consectetur adipisicing elit. Maxime mollitia,molestiae quas vel sint commodi repudiandae consequuntur voluptatum laborumnumquam blanditiis harum quisquam eius sed odit fugiat iusto fuga praesentiumoptio, eaque rerum! | AA8: 5G Truck Phase 1 - Atlantic 5 | AC8: TENTATIVE | AE8: 8 | AF8: Luis.Bustos@momentumww.com | AG8: Luis Bustos | AH8: 2023 | AI8: 9 | AJ8: =X8 -> 45542.504 | AK8: =Y8 -> 45541.504
A9: TRUE | B9: MONY2308241448VER007 | C9: MONYCVER2408271448 | D9: United States | E9: Verizon | F9: Seattle Center | G9: Seattle | H9: 98109 | I9: 305 | J9: Harrison St | L9: 47.6205 | M9: -122.3493 | N9: Seattle Office | R9: Luis Bustos | S9: Luis.Bustos@momentumww.com | T9: 45534.504 | U9: Luis Bustos | V9: Luis.Bustos@momentumww.com | W9: 45534.504 | X9: 45540.504 | Y9: 45539.504 | Z9: Lorem ipsum dolor sit amet consectetur adipisicing elit. Maxime mollitia,molestiae quas vel sint commodi repudiandae consequuntur voluptatum laborumnumquam blanditiis harum quisquam eius sed odit fugiat iusto fuga praesentiumoptio, eaque rerum! | AA9: 5G Truck Phase 1 - Atlantic 4 | AC9: ACTIVE | AE9: 6 | AF9: Luis.Bustos@momentumww.com | AG9: Luis Bustos | AH9: 2023 | AI9: 9 | AJ9: =X9 -> 45540.504 | AK9: =Y9 -> 45539.504
A10: TRUE | B10: MONY2308241448VER006 | C10: MONYCVER2408271448 | D10: United States | E10: Verizon | F10: Discovery Green | G10: Houston | H10: 77010 | I10: 1500 | J10: McKinney St | L10: 29.7542 | M10: -95.3572 | N10: Houston Regional Office | R10: Jason Snyder | S10: Jason.Snyder@momentumww.com | T10: 45533.504 | U10: Luis Bustos | V10: Luis.Bustos@momentumww.com | W10: 45533.504 | X10: 45539.504 | Y10: 45538.504 | Z10: Lorem ipsum dolor sit amet consectetur adipisicing elit. Maxime mollitia,molestiae quas vel sint commodi repudiandae consequuntur voluptatum laborumnumquam blanditiis harum quisquam eius sed odit fugiat iusto fuga praesentiumoptio, eaque rerum! | AA10: 5G Truck Phase 1 - Atlantic 3 | AC10: INACTIVE | AE10: 5 | AF10: Jason.Snyder@momentumww.com | AG10: Jason Snyder | AH10: 2023 | AI10: 9 | AJ10: =X10 -> 45539.504 | AK10: =Y10 -> 45538.504
A11: TRUE | B11: MONY2308241448COC004 | C11: MONYCCOC2408291053 | D11: United States | E11: Verizon | F11: Klyde Warren Park | G11: Dallas | H11: 75201 | I11: 2012 | J11: Woodall Rodgers Fwy | L11: 32.7885 | M11: -96.8014 | N11: Dallas Regional Office | R11: Steve Sanderson | S11: Steve.Sanderson@momentumww.com | T11: 45531.504 | U11: Luis Bustos | V11: Luis.Bustos@momentumww.com | W11: 45531.504 | X11: 45537.504 | Y11: 45536.504 | Z11: Lorem ipsum dolor sit amet consectetur adipisicing elit. Maxime mollitia,molestiae quas vel sint commodi repudiandae consequuntur voluptatum laborumnumquam blanditiis harum quisquam eius sed odit fugiat iusto fuga praesentiumoptio, eaque rerum! | AA11: 5G Truck Phase 1 - Atlantic 2 | AC11: COMPLETED | AE11: 3 | AF11: Steve.Sanderson@momentumww.com | AG11: Steve Sanderson | AH11: 2023 | AI11: 9 | AJ11: =X11 -> 45537.504 | AK11: =Y11 -> 45536.504
A12: TRUE | B12: MONY2308241448COC002 | C12: MONYCCOC2408291053 | D12: United States | E12: Verizon | R12: Luis Bustos | S12: Luis.Bustos@momentumww.com | T12: 45529.504 | U12: Luis Bustos | V12: Luis.Bustos@momentumww.com | W12: 45529.504 | X12: 45535.504 | Y12: 45534.504 | Z12: Lorem ipsum dolor sit amet consectetur adipisicing elit. Maxime mollitia,molestiae quas vel sint commodi repudiandae consequuntur voluptatum laborumnumquam blanditiis harum quisquam eius sed odit fugiat iusto fuga praesentiumoptio, eaque rerum! | AA12: 5G Truck Phase 1 - Atlantic 1 | AC12: COMPLETED | AE12: 1 | AF12: Luis.Bustos@momentumww.com | AG12: Luis Bustos | AH12: 2023 | AI12: 9 | AJ12: =X12 -> 45535.504 | AK12: =Y12 -> 45534.504
A13: TRUE | B13: MONY2308241448COC012 | C13: MONYCCOC2408291053 | D13: United States | E13: Verizon | F13: Griffith Park | G13: Los Angeles | H13: 90027 | I13: 4730 | J13: Crystal Springs Dr | L13: 34.1366 | M13: -118.2942 | N13: Los Angeles Office | R13: Kristen Baum | S13: Kristen.Baum@momentumww.com | T13: 45539.504 | U13: Luis Bustos | V13: Luis.Bustos@momentumww.com | W13: 45539.504 | X13: 45545.504 | Y13: 45544.504 | Z13: Lorem ipsum dolor sit amet consectetur adipisicing elit. Maxime mollitia,molestiae quas vel sint commodi repudiandae consequuntur voluptatum laborumnumquam blanditiis harum quisquam eius sed odit fugiat iusto fuga praesentiumoptio, eaque rerum! | AA13: 5G Truck Phase 1 - Dallas 6 | AC13: CANCELLED | AE13: 11 | AF13: Kristen.Baum@momentumww.com | AG13: Kristen Baum | AH13: 2023 | AI13: 9 | AJ13: =X13 -> 45545.504 | AK13: =Y13 -> 45544.504
A14: TRUE | B14: MONY2308241448COC010 | C14: MONYCCOC2408291053 | D14: United States | E14: Verizon | F14: Balboa Park | G14: San Diego | H14: 92101 | I14: 1549 | J14: El Prado | L14: 32.7341 | M14: -117.1445 | N14: Los Angeles Office | R14: Luis Bustos | S14: Luis.Bustos@momentumww.com | T14: 45537.504 | U14: Luis Bustos | V14: Luis.Bustos@momentumww.com | W14: 45537.504 | X14: 45543.504 | Y14: 45542.504 | Z14: Lorem ipsum dolor sit amet consectetur adipisicing elit. Maxime mollitia,molestiae quas vel sint commodi repudiandae consequuntur voluptatum laborumnumquam blanditiis harum quisquam eius sed odit fugiat iusto fuga praesentiumoptio, eaque rerum! | AA14: 5G Truck Phase 1 - Dallas 5 | AC14: TENTATIVE | AE14: 9 | AF14: Luis.Bustos@momentumww.com | AG14: Luis Bustos | AH14: 2023 | AI14: 9 | AJ14: =X14 -> 45543.504 | AK14: =Y14 -> 45542.504
A15: TRUE | B15: MONY2308241448COC008 | C15: MONYCCOC2408291053 | D15: United States | E15: Verizon | F15: Central Park | G15: New York | H15: 10024 | I15: 14 E | J15: 60th St | L15: 40.7711 | M15: -73.9742 | N15: New York Office | R15: Luis Bustos | S15: Luis.Bustos@momentumww.com | T15: 45535.504 | U15: Luis Bustos | V15: Luis.Bustos@momentumww.com | W15: 45535.504 | X15: 45541.504 | Y15: 45540.504 | Z15: Lorem ipsum dolor sit amet consectetur adipisicing elit. Maxime mollitia,molestiae quas vel sint commodi repudiandae consequuntur voluptatum laborumnumquam blanditiis harum quisquam eius sed odit fugiat iusto fuga praesentiumoptio, eaque rerum! | AA15: 5G Truck Phase 1 - Dallas 4 | AC15: ACTIVE | AE15: 7 | AF15: Luis.Bustos@momentumww.com | AG15: Luis Bustos | AH15: 2023 | AI15: 9 | AJ15: =X15 -> 45541.504 | AK15: =Y15 -> 45540.504
A16: TRUE | B16: MONY2308241448COC005 | C16: MONYCCOC2408291053 | D16: United States | E16: Verizon | F16: Golden Gate Park | G16: San Francisco | H16: 94122 | I16: 501 | J16: Stanyan St | L16: 37.7694 | M16: -122.4862 | N16: San Francisco Regional Office | R16: Jason Snyder | S16: Jason.Snyder@momentumww.com | T16: 45532.504 | U16: Luis Bustos | V16: Luis.Bustos@momentumww.com | W16: 45532.504 | X16: 45538.504 | Y16: 45537.504 | Z16: Lorem ipsum dolor sit amet consectetur adipisicing elit. Maxime mollitia,molestiae quas vel sint commodi repudiandae consequuntur voluptatum laborumnumquam blanditiis harum quisquam eius sed odit fugiat iusto fuga praesentiumoptio, eaque rerum! | AA16: 5G Truck Phase 1 - Dallas 3 | AC16: INACTIVE | AE16: 4 | AF16: Jason.Snyder@momentumww.com | AG16: Jason Snyder | AH16: 2023 | AI16: 9 | AJ16: =X16 -> 45538.504 | AK16: =Y16 -> 45537.504
A17: TRUE | B17: MONY2308241448COC003 | C17: MONYCCOC2408291053 | D17: United States | E17: Verizon | F17: Piedmont Park | G17: Atlanta | H17: 30309 | I17: 1320 | J17: Monroe Dr NE | L17: 33.7851 | M17: -84.3744 | N17: Atlanta Office | R17: Steve Sanderson | S17: Steve.Sanderson@momentumww.com | T17: 45530.504 | U17: Luis Bustos | V17: Luis.Bustos@momentumww.com | W17: 45530.504 | X17: 45536.504 | Y17: 45535.504 | Z17: Lorem ipsum dolor sit amet consectetur adipisicing elit. Maxime mollitia,molestiae quas vel sint commodi repudiandae consequuntur voluptatum laborumnumquam blanditiis harum quisquam eius sed odit fugiat iusto fuga praesentiumoptio, eaque rerum! | AA17: 5G Truck Phase 1 - Dallas 2 | AC17: COMPLETED | AE17: 2 | AF17: Steve.Sanderson@momentumww.com | AG17: Steve Sanderson | AH17: 2023 | AI17: 9 | AJ17: =X17 -> 45536.504 | AK17: =Y17 -> 45535.504
A18: TRUE | B18: MONY2308241448COC001 | C18: MONYCCOC2408291053 | D18: United States | E18: Verizon | F18: The Domain | G18: Austin | H18: 78758 | I18: 11410 | J18: Century Oaks Terrace | L18: 30.3975 | M18: -97.7263 | N18: Austin Regional Office | R18: Luis Bustos | S18: Luis.Bustos@momentumww.com | T18: 45528.504 | U18: Luis Bustos | V18: Luis.Bustos@momentumww.com | W18: 45528.504 | X18: 45534.504 | Y18: 45533.504 | Z18: Lorem ipsum dolor sit amet consectetur adipisicing elit. Maxime mollitia,molestiae quas vel sint commodi repudiandae consequuntur voluptatum laborumnumquam blanditiis harum quisquam eius sed odit fugiat iusto fuga praesentiumoptio, eaque rerum! | AA18: 5G Truck Phase 1 - Dallas 1 | AC18: COMPLETED | AE18: 0 | AF18: Luis.Bustos@momentumww.com | AG18: Luis Bustos | AH18: 2023 | AI18: 9 | AJ18: =X18 -> 45534.504 | AK18: =Y18 -> 45533.504
A19: TRUE | B19: MONY2308241448COC002 | C19: MONYCCOC2408291053 | D19: United States | E19: Verizon | F19: The Wharf | G19: Washington | H19: 20024 | I19: 1100 | J19: Maine Ave SW | L19: 38.8816 | M19: -77.0297 | N19: Washington, D.C. Regional Office | R19: Luis Bustos | S19: Luis.Bustos@momentumww.com | T19: 45528.504 | U19: Luis Bustos | V19: Luis.Bustos@momentumww.com | W19: 45528.504 | X19: 45534.504 | Y19: 45533.504 | Z19: Lorem ipsum dolor sit amet consectetur adipisicing elit. Maxime mollitia,molestiae quas vel sint commodi repudiandae consequuntur voluptatum laborumnumquam blanditiis harum quisquam eius sed odit fugiat iusto fuga praesentiumoptio, eaque rerum! | AA19: 5G Truck Phase 1 - Dallas 1 | AC19: COMPLETED

Sheet tblActivations
A1: Active | B1: Id | C1: EventID | D1: Country | E1: Client | F1: EventVenue | G1: City | H1: Postcode | I1: Number | J1: Address1 | K1: Address2 | L1: Latitude | M1: Longitude | N1: MomentumOffice | O1: DistanceFromOfficeMi | P1: DistanceFromOfficeKm | Q1: TimeFromOffice(mins) | R1: createdByName | S1: CreatedBy | T1: CreatedOn | U1: UpdatedByName | V1: UpdatedBy | W1: UpdatedOn | X1: EventStartDate | Y1: EventEndDate | Z1: EventDetails | AA1: EventName | AB1: EventNotes | AC1: Status | AD1: Owner | AE1: OwnerName | AF1: Year | AG1: Month | AH1: YearMonthStart | AI1: YearMonthEnd
A2: TRUE | B2: MONY2308291448VER002 | C2: =LEFT(tblActivations[[#This Row],[Id]],LEN(tblActivations[[#This Row],[Id]])-3) -> MONY2308291448VER | D2: United States | E2: Verizon | F2: Atlantic Station | G2: Atlanta | H2: 30363 | I2: 1380 | J2: Atlantic Dr NW | K2: Suite 14250 | L2: 33.7925 | M2: -84.3963 | N2: Atlanta Office | O2: 150 | P2: 241.4 | Q2: 355 | R2: Luis Bustos | S2: Luis.Bustos@momentumww.com | T2: 45536.504 | U2: Luis Bustos | V2: Luis.Bustos@momentumww.com | W2: 45536.504 | X2: 45542.504 | Y2: 45541.504 | Z2: Lorem ipsum dolor sit amet consectetur adipisicing elit. Maxime mollitia,molestiae quas vel sint commodi repudiandae consequuntur voluptatum laborumnumquam blanditiis harum quisquam eius sed odit fugiat iusto fuga praesentiumoptio, eaque rerum! | AA2: 5G Truck Phase 1 - Atlantic 1 | AD2: Luis.Bustos@momentumww.com | AE2: Luis Bustos | AF2: 2023 | AG2: 9 | AH2: =V2 -> Luis.Bustos@momentumww.com | AI2: =W2 -> 45536.504
A3: TRUE | B3: MONY2308291448VER001 | C3: =LEFT(tblActivations[[#This Row],[Id]],LEN(tblActivations[[#This Row],[Id]])-3) -> MONY2308291448VER | D3: United States | E3: Verizon | F3: Dallas Farmers Market | G3: Dallas | H3: 75201 | I3: 920 | J3: S Harwood St | L3: 32.7797 | M3: -96.795 | N3: Dallas Regional Office | R3: Luis Bustos | S3: Luis.Bustos@momentumww.com | T3: 45535.504 | U3: Luis Bustos | V3: Luis.Bustos@momentumww.com | W3: 45535.504 | X3: 45541.504 | Y3: 45540.504 | Z3: Lorem ipsum dolor sit amet consectetur adipisicing elit. Maxime mollitia,molestiae quas vel sint commodi repudiandae consequuntur voluptatum laborumnumquam blanditiis harum quisquam eius sed odit fugiat iusto fuga praesentiumoptio, eaque rerum! | AA3: 5G Truck Phase 2 - Dallas 1 | AD3: Luis.Bustos@momentumww.com | AE3: Luis Bustos | AF3: 2023 | AG3: 9 | AH3: =V3 -> Luis.Bustos@momentumww.com | AI3: =W3 -> 45535.504
A4: TRUE | B4: MONY2308241537VER003 | C4: =LEFT(tblActivations[[#This Row],[Id]],LEN(tblActivations[[#This Row],[Id]])-3) -> MONY2308241537VER | D4: United States | E4: Verizon | F4: The Venetian Resort | G4: Las Vegas | H4: 89109 | I4: 3355 | J4: S Las Vegas Blvd | L4: 36.1215 | M4: -115.1728 | N4: Las Vegas Regional Office | R4: Luis Bustos | S4: Luis.Bustos@momentumww.com | T4: 45534.504 | U4: Luis Bustos | V4: Luis.Bustos@momentumww.com | W4: 45534.504 | X4: 45540.504 | Y4: 45539.504 | Z4: Lorem ipsum dolor sit amet consectetur adipisicing elit. Maxime mollitia,molestiae quas vel sint commodi repudiandae consequuntur voluptatum laborumnumquam blanditiis harum quisquam eius sed odit fugiat iusto fuga praesentiumoptio, eaque rerum! | AA4: Home Shows - Atlantic 2 | AD4: Luis.Bustos@momentumww.com | AE4: Luis Bustos | AF4: 2023 | AG4: 9 | AH4: =V4 -> Luis.Bustos@momentumww.com | AI4: =W4 -> 45534.504
A5: TRUE | B5: MONY2308241537VER002 | C5: =LEFT(tblActivations[[#This Row],[Id]],LEN(tblActivations[[#This Row],[Id]])-3) -> MONY2308241537VER | D5: United States | E5: Verizon | F5: Santa Monica Pier | G5: Santa Monica | H5: 90401 | I5: 200 | J5: Santa Monica Pier | L5: 34.0086 | M5: -118.4953 | N5: Los Angeles Office | R5: Luis Bustos | S5: Luis.Bustos@momentumww.com | T5: 45533.504 | U5: Luis Bustos | V5: Luis.Bustos@momentumww.com | W5: 45533.504 | X5: 45539.504 | Y5: 45538.504 | Z5: Lorem ipsum dolor sit amet consectetur adipisicing elit. Maxime mollitia,molestiae quas vel sint commodi repudiandae consequuntur voluptatum laborumnumquam blanditiis harum quisquam eius sed odit fugiat iusto fuga praesentiumoptio, eaque rerum! | AA5: Home Shows - Atlantic 1 | AD5: Luis.Bustos@momentumww.com | AE5: Luis Bustos | AF5: 2023 | AG5: 9 | AH5: =V5 -> Luis.Bustos@momentumww.com | AI5: =W5 -> 45533.504
A6: TRUE | B6: MONY2308241537VER001 | C6: =LEFT(tblActivations[[#This Row],[Id]],LEN(tblActivations[[#This Row],[Id]])-3) -> MONY2308241537VER | D6: United States | E6: Verizon | F6: Navy Pier | G6: Chicago | H6: 60611 | I6: 600 | J6: E Grand Ave | L6: 41.8917 | M6: -87.6094 | N6: Chicago Office | R6: Kristen Baum | S6: Kristen.Baum@momentumww.com | T6: 45532.504 | U6: Luis Bustos | V6: Luis.Bustos@momentumww.com | W6: 45532.504 | X6: 45538.504 | Y6: 45537.504 | Z6: Lorem ipsum dolor sit amet consectetur adipisicing elit. Maxime mollitia,molestiae quas vel sint commodi repudiandae consequuntur voluptatum laborumnumquam blanditiis harum quisquam eius sed odit fugiat iusto fuga praesentiumoptio, eaque rerum! | AA6: Home Shows - Dallas 1 | AD6: Kristen.Baum@momentumww.com | AE6: Kristen Baum | AF6: 2023 | AG6: 9 | AH6: =V6 -> Luis.Bustos@momentumww.com | AI6: =W6 -> 45532.504
A7: TRUE | B7: MONY2308241448VER011 | C7: =LEFT(tblActivations[[#This Row],[Id]],LEN(tblActivations[[#This Row],[Id]])-3) -> MONY2308241448VER | D7: United States | E7: Verizon | R7: Luis Bustos | S7: Luis.Bustos@momentumww.com | T7: 45538.504 | U7: Luis Bustos | V7: Luis.Bustos@momentumww.com | W7: 45538.504 | X7: 45544.504 | Y7: 45543.504 | Z7: Lorem ipsum dolor sit amet consectetur adipisicing elit. Maxime mollitia,molestiae quas vel sint commodi repudiandae consequuntur voluptatum laborumnumquam blanditiis harum quisquam eius sed odit fugiat iusto fuga praesentiumoptio, eaque rerum! | AA7: 5G Truck Phase 1 - Atlantic 6 | AD7: Luis.Bustos@momentumww.com | AE7: Luis Bustos | AF7: 2023 | AG7: 9 | AH7: =V7 -> Luis.Bustos@momentumww.com | AI7: =W7 -> 45538.504
A8: TRUE | B8: MONY2308241448VER009 | C8: =LEFT(tblActivations[[#This Row],[Id]],LEN(tblActivations[[#This Row],[Id]])-3) -> MONY2308241448VER | D8: United States | E8: Verizon | F8: Union Square | G8: New York | H8: 10003 | I8: 10 | J8: Union Square W | L8: 40.7359 | M8: -73.9911 | N8: New York Office | R8: Luis Bustos | S8: Luis.Bustos@momentumww.com | T8: 45536.504 | U8: Luis Bustos | V8: Luis.Bustos@momentumww.com | W8: 45536.504 | X8: 45542.504 | Y8: 45541.504 | Z8: Lorem ipsum dolor sit amet consectetur adipisicing elit. Maxime mollitia,molestiae quas vel sint commodi repudiandae consequuntur voluptatum laborumnumquam blanditiis harum quisquam eius sed odit fugiat iusto fuga praesentiumoptio, eaque rerum! | AA8: 5G Truck Phase 1 - Atlantic 5 | AD8: Luis.Bustos@momentumww.com | AE8: Luis Bustos | AF8: 2023 | AG8: 9 | AH8: =V8 -> Luis.Bustos@momentumww.com | AI8: =W8 -> 45536.504
A9: TRUE | B9: MONY2308241448VER007 | C9: =LEFT(tblActivations[[#This Row],[Id]],LEN(tblActivations[[#This Row],[Id]])-3) -> MONY2308241448VER | D9: United States | E9: Verizon | F9: Seattle Center | G9: Seattle | H9: 98109 | I9: 305 | J9: Harrison St | L9: 47.6205 | M9: -122.3493 | N9: Seattle Office | R9: Luis Bustos | S9: Luis.Bustos@momentumww.com | T9: 45534.504 | U9: Luis Bustos | V9: Luis.Bustos@momentumww.com | W9: 45534.504 | X9: 45540.504 | Y9: 45539.504 | Z9: Lorem ipsum dolor sit amet consectetur adipisicing elit. Maxime mollitia,molestiae quas vel sint commodi repudiandae consequuntur voluptatum laborumnumquam blanditiis harum quisquam eius sed odit fugiat iusto fuga praesentiumoptio, eaque rerum! | AA9: 5G Truck Phase 1 - Atlantic 4 | AD9: Luis.Bustos@momentumww.com | AE9: Luis Bustos | AF9: 2023 | AG9: 9 | AH9: =V9 -> Luis.Bustos@momentumww.com | AI9: =W9 -> 45534.504
A10: TRUE | B10: MONY2308241448VER006 | C10: =LEFT(tblActivations[[#This Row],[Id]],LEN(tblActivations[[#This Row],[Id]])-3) -> MONY2308241448VER | D10: United States | E10: Verizon | F10: Discovery Green | G10: Houston | H10: 77010 | I10: 1500 | J10: McKinney St | L10: 29.7542 | M10: -95.3572 | N10: Houston Regional Office | R10: Jason Snyder | S10: Jason.Snyder@momentumww.com | T10: 45533.504 | U10: Luis Bustos | V10: Luis.Bustos@momentumww.com | W10: 45533.504 | X10: 45539.504 | Y10: 45538.504 | Z10: Lorem ipsum dolor sit amet consectetur adipisicing elit. Maxime mollitia,molestiae quas vel sint commodi repudiandae consequuntur voluptatum laborumnumquam blanditiis harum quisquam eius sed odit fugiat iusto fuga praesentiumoptio, eaque rerum! | AA10: 5G Truck Phase 1 - Atlantic 3 | AD10: Jason.Snyder@momentumww.com | AE10: Jason Snyder | AF10: 2023 | AG10: 9 | AH10: =V10 -> Luis.Bustos@momentumww.com | AI10: =W10 -> 45533.504
A11: TRUE | B11: MONY2308241448VER004 | C11: =LEFT(tblActivations[[#This Row],[Id]],LEN(tblActivations[[#This Row],[Id]])-3) -> MONY2308241448VER | D11: United States | E11: Verizon | F11: Klyde Warren Park | G11: Dallas | H11: 75201 | I11: 2012 | J11: Woodall Rodgers Fwy | L11: 32.7885 | M11: -96.8014 | N11: Dallas Regional Office | R11: Steve Sanderson | S11: Steve.Sanderson@momentumww.com | T11: 45531.504 | U11: Luis Bustos | V11: Luis.Bustos@momentumww.com | W11: 45531.504 | X11: 45537.504 | Y11: 45536.504 | Z11: Lorem ipsum dolor sit amet consectetur adipisicing elit. Maxime mollitia,molestiae quas vel sint commodi repudiandae consequuntur voluptatum laborumnumquam blanditiis harum quisquam eius sed odit fugiat iusto fuga praesentiumoptio, eaque rerum! | AA11: 5G Truck Phase 1 - Atlantic 2 | AD11: Steve.Sanderson@momentumww.com | AE11: Steve Sanderson | AF11: 2023 | AG11: 9 | AH11: =V11 -> Luis.Bustos@momentumww.com | AI11: =W11 -> 45531.504
A12: TRUE | B12: MONY2308241448VER002 | C12: =LEFT(tblActivations[[#This Row],[Id]],LEN(tblActivations[[#This Row],[Id]])-3) -> MONY2308241448VER | D12: United States | E12: Verizon | R12: Luis Bustos | S12: Luis.Bustos@momentumww.com | T12: 45529.504 | U12: Luis Bustos | V12: Luis.Bustos@momentumww.com | W12: 45529.504 | X12: 45535.504 | Y12: 45534.504 | Z12: Lorem ipsum dolor sit amet consectetur adipisicing elit. Maxime mollitia,molestiae quas vel sint commodi repudiandae consequuntur voluptatum laborumnumquam blanditiis harum quisquam eius sed odit fugiat iusto fuga praesentiumoptio, eaque rerum! | AA12: 5G Truck Phase 1 - Atlantic 1 | AD12: Luis.Bustos@momentumww.com | AE12: Luis Bustos | AF12: 2023 | AG12: 9 | AH12: =V12 -> Luis.Bustos@momentumww.com | AI12: =W12 -> 45529.504
A13: TRUE | B13: MONY2308241448VER012 | C13: =LEFT(tblActivations[[#This Row],[Id]],LEN(tblActivations[[#This Row],[Id]])-3) -> MONY2308241448VER | D13: United States | E13: Verizon | F13: Griffith Park | G13: Los Angeles | H13: 90027 | I13: 4730 | J13: Crystal Springs Dr | L13: 34.1366 | M13: -118.2942 | N13: Los Angeles Office | R13: Kristen Baum | S13: Kristen.Baum@momentumww.com | T13: 45539.504 | U13: Luis Bustos | V13: Luis.Bustos@momentumww.com | W13: 45539.504 | X13: 45545.504 | Y13: 45544.504 | Z13: Lorem ipsum dolor sit amet consectetur adipisicing elit. Maxime mollitia,molestiae quas vel sint commodi repudiandae consequuntur voluptatum laborumnumquam blanditiis harum quisquam eius sed odit fugiat iusto fuga praesentiumoptio, eaque rerum! | AA13: 5G Truck Phase 1 - Dallas 6 | AD13: Kristen.Baum@momentumww.com | AE13: Kristen Baum | AF13: 2023 | AG13: 9 | AH13: =V13 -> Luis.Bustos@momentumww.com | AI13: =W13 -> 45539.504
A14: TRUE | B14: MONY2308241448VER010 | C14: =LEFT(tblActivations[[#This Row],[Id]],LEN(tblActivations[[#This Row],[Id]])-3) -> MONY2308241448VER | D14: United States | E14: Verizon | F14: Balboa Park | G14: San Diego | H14: 92101 | I14: 1549 | J14: El Prado | L14: 32.7341 | M14: -117.1445 | N14: Los Angeles Office | R14: Luis Bustos | S14: Luis.Bustos@momentumww.com | T14: 45537.504 | U14: Luis Bustos | V14: Luis.Bustos@momentumww.com | W14: 45537.504 | X14: 45543.504 | Y14: 45542.504 | Z14: Lorem ipsum dolor sit amet consectetur adipisicing elit. Maxime mollitia,molestiae quas vel sint commodi repudiandae consequuntur voluptatum laborumnumquam blanditiis harum quisquam eius sed odit fugiat iusto fuga praesentiumoptio, eaque rerum! | AA14: 5G Truck Phase 1 - Dallas 5 | AD14: Luis.Bustos@momentumww.com | AE14: Luis Bustos | AF14: 2023 | AG14: 9 | AH14: =V14 -> Luis.Bustos@momentumww.com | AI14: =W14 -> 45537.504
A15: TRUE | B15: MONY2308241448VER008 | C15: =LEFT(tblActivations[[#This Row],[Id]],LEN(tblActivations[[#This Row],[Id]])-3) -> MONY2308241448VER | D15: United States | E15: Verizon | F15: Central Park | G15: New York | H15: 10024 | I15: 14 E | J15: 60th St | L15: 40.7711 | M15: -73.9742 | N15: New York Office | R15: Luis Bustos | S15: Luis.Bustos@momentumww.com | T15: 45535.504 | U15: Luis Bustos | V15: Luis.Bustos@momentumww.com | W15: 45535.504 | X15: 45541.504 | Y15: 45540.504 | Z15: Lorem ipsum dolor sit amet consectetur adipisicing elit. Maxime mollitia,molestiae quas vel sint commodi repudiandae consequuntur voluptatum laborumnumquam blanditiis harum quisquam eius sed odit fugiat iusto fuga praesentiumoptio, eaque rerum! | AA15: 5G Truck Phase 1 - Dallas 4 | AD15: Luis.Bustos@momentumww.com | AE15: Luis Bustos | AF15: 2023 | AG15: 9 | AH15: =V15 -> Luis.Bustos@momentumww.com | AI15: =W15 -> 45535.504
A16: TRUE | B16: MONY2308241448VER005 | C16: =LEFT(tblActivations[[#This Row],[Id]],LEN(tblActivations[[#This Row],[Id]])-3) -> MONY2308241448VER | D16: United States | E16: Verizon | F16: Golden Gate Park | G16: San Francisco | H16: 94122 | I16: 501 | J16: Stanyan St | L16: 37.7694 | M16: -122.4862 | N16: San Francisco Regional Office | R16: Jason Snyder | S16: Jason.Snyder@momentumww.com | T16: 45532.504 | U16: Luis Bustos | V16: Luis.Bustos@momentumww.com | W16: 45532.504 | X16: 45538.504 | Y16: 45537.504 | Z16: Lorem ipsum dolor sit amet consectetur adipisicing elit. Maxime mollitia,molestiae quas vel sint commodi repudiandae consequuntur voluptatum laborumnumquam blanditiis harum quisquam eius sed odit fugiat iusto fuga praesentiumoptio, eaque rerum! | AA16: 5G Truck Phase 1 - Dallas 3 | AD16: Jason.Snyder@momentumww.com | AE16: Jason Snyder | AF16: 2023 | AG16: 9 | AH16: =V16 -> Luis.Bustos@momentumww.com | AI16: =W16 -> 45532.504
A17: TRUE | B17: MONY2308241448VER003 | C17: =LEFT(tblActivations[[#This Row],[Id]],LEN(tblActivations[[#This Row],[Id]])-3) -> MONY2308241448VER | D17: United States | E17: Verizon | F17: Piedmont Park | G17: Atlanta | H17: 30309 | I17: 1320 | J17: Monroe Dr NE | L17: 33.7851 | M17: -84.3744 | N17: Atlanta Office | R17: Steve Sanderson | S17: Steve.Sanderson@momentumww.com | T17: 45530.504 | U17: Luis Bustos | V17: Luis.Bustos@momentumww.com | W17: 45530.504 | X17: 45536.504 | Y17: 45535.504 | Z17: Lorem ipsum dolor sit amet consectetur adipisicing elit. Maxime mollitia,molestiae quas vel sint commodi repudiandae consequuntur voluptatum laborumnumquam blanditiis harum quisquam eius sed odit fugiat iusto fuga praesentiumoptio, eaque rerum! | AA17: 5G Truck Phase 1 - Dallas 2 | AD17: Steve.Sanderson@momentumww.com | AE17: Steve Sanderson | AF17: 2023 | AG17: 9 | AH17: =V17 -> Luis.Bustos@momentumww.com | AI17: =W17 -> 45530.504
A18: TRUE | B18: MONY2308241448VER001 | C18: =LEFT(tblActivations[[#This Row],[Id]],LEN(tblActivations[[#This Row],[Id]])-3) -> MONY2308241448VER | D18: United States | E18: Verizon | F18: The Domain | G18: Austin | H18: 78758 | I18: 11410 | J18: Century Oaks Terrace | L18: 30.3975 | M18: -97.7263 | N18: Austin Regional Office | R18: Luis Bustos | S18: Luis.Bustos@momentumww.com | T18: 45528.504 | U18: Luis Bustos | V18: Luis.Bustos@momentumww.com | W18: 45528.504 | X18: 45534.504 | Y18: 45533.504 | Z18: Lorem ipsum dolor sit amet consectetur adipisicing elit. Maxime mollitia,molestiae quas vel sint commodi repudiandae consequuntur voluptatum laborumnumquam blanditiis harum quisquam eius sed odit fugiat iusto fuga praesentiumoptio, eaque rerum! | AA18: 5G Truck Phase 1 - Dallas 1 | AD18: Luis.Bustos@momentumww.com | AE18: Luis Bustos | AF18: 2023 | AG18: 9 | AH18: =V18 -> Luis.Bustos@momentumww.com | AI18: =W18 -> 45528.504
A19: TRUE | B19: MONY2308241448VER002 | C19: =LEFT(tblActivations[[#This Row],[Id]],LEN(tblActivations[[#This Row],[Id]])-3) -> MONY2308241448VER | D19: United States | E19: Verizon | F19: The Wharf | G19: Washington | H19: 20024 | I19: 1100 | J19: Maine Ave SW | L19: 38.8816 | M19: -77.0297 | N19: Washington, D.C. Regional Office | R19: Luis Bustos | S19: Luis.Bustos@momentumww.com | T19: 45528.504 | U19: Luis Bustos | V19: Luis.Bustos@momentumww.com | W19: 45528.504 | X19: 45534.504 | Y19: 45533.504 | Z19: Lorem ipsum dolor sit amet consectetur adipisicing elit. Maxime mollitia,molestiae quas vel sint commodi repudiandae consequuntur voluptatum laborumnumquam blanditiis harum quisquam eius sed odit fugiat iusto fuga praesentiumoptio, eaque rerum! | AA19: 5G Truck Phase 1 - Dallas 1 | AH19: =V19 -> Luis.Bustos@momentumww.com | AI19: =W19 -> 45528.504

Sheet AssignedUsers
A1: ActivationId | B1: UserName | C1: UserEmail | D1: UserDepartment | E1: UserRole | F1: OnSite | G1: DistanceFromOfficeMi | H1: DistanceFromOfficeKm | I1: TimeFromOffice(mins) | J1: ManagerName | K1: ManagerEmail | L1: ManagerRole | M1: AssignedByName | N1: AssignedByEmail | O1: AssinedOn
A2: MONY2308291448VER001 | B2: Terry O'Reilly | C2: Tyerry.Oreilly@momentumw.com | D2: Studio | E2: Studio Direcctor | F2: No | G2: 150 | H2: 241.4 | I2: 355 | J2: Steve Sanderson | K2: Steve.Ssanderson@momentumww/com | L2: SVP Operations Techoology Director | M2: Luis Bustos | N2: Luis.Bustos@momentumww.com | O2: 45495.707

Sheet tblLocation
A1: Id | B1: eventId | C1: Platform | D1: poiScope | E1: VenueName | F1: eventStartDate | G1: eventEndDate | H1: Entity Type | I1: Category | J1: Group | K1: SubCategory | L1: City | M1: State | N1: State Code | O1: country | P1: countryCode | Q1: postCode | R1: Address | S1: Formatted Address | T1: Latitude | U1: Longitude | V1: geoJson | W1: Status | X1: SentOn | Y1: CheckedOn | Z1: Count | AA1: Tags | AB1: url | AC1: Status (for obtaining data)
A2: 5d03b5847afe4d3b4978556c | B2: MONY2308291448VER | C2: Placer | D2: Standard | E2: Atlantic Station | F2: 45542.504 | G2: 45541.504 | H2: Complex | I2: Lifestyle Centers | J2: Shopping Centers | K2: Lifestyle Centers | L2: Atlanta | M2: Georgia | N2: GA | O2: United States | P2: US | Q2: 30363 | R2: Atlantic Dr | S2: 1380 Atlantic Dr, Atlanta, GA, United States | T2: 33.79275 | U2: -84.39799 | AB2: https://analytics.placer.ai/#!/admin/insights/complexes/5d03b5847afe4d3b4978556c/overview
A3: 5f48a7657a6c0c24ba6ce3d8 | B3: MONY2308291448VER | C3: Placer | D3: Standard | E3: Dallas Farmers Market | F3: 45541.504 | G3: 45540.504 | H3: Complex | I3: Groceries | J3: Groceries | K3: Farmers Market | L3: Dallas | M3: Texas | N3: TX | O3: US | P3: US | Q3: 75201 | R3: S Pearl Expy | S3: 1010 S Pearl Expy, Dallas, TX, United States | T3: 32.77776 | U3: -96.788637
A4: 5948c00a173f56402f9dab5e | B4: MONY2308241537VER | C4: Placer | D4: Standard | E4: The Venetian Resort | F4: 45540.504 | G4: 45539.504 | H4: Complex | I4: Hotels & Casinos | J4: Hotels & Casinos | K4: Resort | L4: Las Vegas | M4: Nevada | N4: NV | O4: United States | P4: US | Q4: 89109 | R4: S Las Vegas Blvd | S4: 3355 S Las Vegas Blvd, Las Vegas, NV, United States | T4: 36.1195 | U4: -115.168 | AB4: https://analytics.placer.ai/#!/admin/insights/complexes/5948c00a173f56402f9dab5e/overview
A5: 5e2820667afe4d772a44357d | B5: MONY2308241537VER | C5: Placer | D5: Standard | E5: Santa Monica Pier | F5: 45539.504 | G5: 45538.504 | H5: Complex | I5: Maritime Transportation | J5: Travel | K5: Pier | L5: Santa Monica | M5: California | N5: CA | O5: United States | P5: US | Q5: 90401 | R5: Santa Monica Pier | S5: 200 Santa Monica Pier, Santa Monica, CA, United States | T5: 34.0101 | U5: -118.4969 | AB5: https://analytics.placer.ai/#!/admin/insights/complexes/5e2820667afe4d772a44357d/overview
A6: 616425c519968e0029475940 | B6: MONY2308241537VER | C6: Placer | D6: Standard | E6: Navy Pier | F6: 45538.504 | G6: 45537.504 | H6: Complex | I6: Maritime Transportation | J6: Travel | K6: Pier | L6: Chicago | M6: Illinois | N6: IL | O6: United States | P6: US | Q6: 60611 | R6: E Grand Ave | S6: 600 E Grand Ave, Chicago, IL, United States | T6: 41.892654 | U6: -87.610168
B7: MONY2308241448VER | C7: Placer | D7: Custom | F7: 45544.504 | G7: 45543.504
B8: MONY2308241448VER | C8: Placer | D8: Standard | E8: Union Square | F8: 45542.504 | G8: 45541.504
B9: MONY2308241448VER | C9: Placer | D9: Standard | E9: Seattle Center | F9: 45540.504 | G9: 45539.504
B10: MONY2308241448VER | C10: Placer | D10: Standard | E10: Discovery Green | F10: 45539.504 | G10: 45538.504
B11: MONY2308241448VER | C11: Placer | D11: Standard | E11: Klyde Warren Park | F11: 45537.504 | G11: 45536.504
B12: MONY2308241448VER | C12: Placer | D12: Custom | F12: 45535.504 | G12: 45534.504
B13: MONY2308241448VER | C13: Placer | D13: Standard | E13: Griffith Park | F13: 45545.504 | G13: 45544.504
B14: MONY2308241448VER | C14: Placer | D14: Standard | E14: Balboa Park | F14: 45543.504 | G14: 45542.504
B15: MONY2308241448VER | C15: Placer | D15: Standard | E15: Central Park | F15: 45541.504 | G15: 45540.504
B16: MONY2308241448VER | C16: Placer | D16: Standard | E16: Golden Gate Park | F16: 45538.504 | G16: 45537.504
B17: MONY2308241448VER | C17: Placer | D17: Standard | E17: Piedmont Park | F17: 45536.504 | G17: 45535.504
B18: MONY2308241448VER | C18: Placer | D18: Standard | E18: The Domain | F18: 45534.504 | G18: 45533.504
B19: MONY2308241448VER | C19: Placer | D19: Standard | E19: The Wharf | F19: 45534.504 | G19: 45533.504
C20: Mesh

Sheet tblSurveys
A1: Id | B1: eventId | C1: ActivationId | D1: Platform | E1: event[campaign_id] | F1: event[start_date] | G1: event[end_date] | H1: event[start_time] | I1: event[end_time] | J1: event[place_reference] | K1: event[active] | L1: event[description]
A2: 5d03b5847afe4d3b4978556c | B2: MONY2308291448VER | C2: MONY2308291448VER001 | D2: Brandscopic | E2: 123 | F2: 08/27/2024 | G2: 45532 | H2: 10 AM | I2: 5 PM | J2: ChIJkQVcwbJZwokRWcD1q1bMRO4||ChIJkQVcwbJZwokRWcD1q1bMRO4 | K2: Active | L2: Event Description
A3: 5f48a7657a6c0c24ba6ce3d8 | B3: MONY2308291448VER | C3: MONY2308291448VER002 | D3: Brandscopic | E3: 456 | F3: 09/01/2024 | G3: 45536 | H3: 9 AM | I3: 5 PM | J3: ChIJkQVcwbJZwokRWcD1q1bMRO4||ChIJkQVcwbJZwokRWcD1q1bMRO4 | K3: Inactive | L3: Event Description

Sheet tblBarCodes
A1: Id | B1: executionID | C1: eventID | D1: ActivationId | E1: qrID | F1: Platform | G1: eventStartDate | H1: eventEndDate | I1: imageUrl | J1: qrUrl | K1: Brief | L1: shortUrl | M1: redirectUrl | N1: qrName | O1: qrImage | P1: createdAt
A2: abcdefghi | B2: MONY2308291448VER002 | C2: =LEFT(tblActivations[[#This Row],[Id]],LEN(tblActivations[[#This Row],[Id]])-3) -> MONY2308291448VER | D2: MONY2308291448VER001 | E2: 1234567989 | F2: QR tiger | G2: 45542.504 | H2: 45541.504

Sheet tblFieldOptions
A1: field | B1: id | C1: value | D1: previousValue | E1: CreatedBy | F1: createdOn | G1: updatedBy | H1: updatedOn
A2: statusAPI | B2: IDCONF001 | C2: Active;Inactive;Tentative;Completed;Canceled | D2: Active;Inactive;Tentative;Completed;Canceled | E2: Luis.Bustos@momentumww.com | F2: 45536.504 | G2: Luis.Bustos@momentumww.com | H2: 45536.504
A3: eventType | B3: IDCONF002 | C3: Type1;Type2;Type3 | D3: Type1;Type2;Type3 | E3: Luis.Bustos@momentumww.com | F3: 45537.504 | G3: Luis.Bustos@momentumww.com | H3: 45537.504
A4: statusCampaign | B4: IDCONF003 | C4: Active;Inactive;Tentative;Completed;Canceled | D4: Active;Inactive;Tentative;Completed;Canceled | E4: Luis.Bustos@momentumww.com | F4: 45538.504 | G4: Luis.Bustos@momentumww.com | H4: 45538.504
A5: statusEvent | B5: IDCONF004 | C5: Active;Inactive;Tentative;Completed;Canceled | D5: Active;Inactive;Tentative;Completed;Canceled | E5: Luis.Bustos@momentumww.com | F5: 45539.504 | G5: Luis.Bustos@momentumww.com | H5: 45539.504

Sheet tblApi
A1: id | B1: platform | C1: apiKey | D1: createdOn | E1: createdBy | F1: modifiedOn | G1: modifiedBy | H1: expiryDate
A2: APICONF001 | B2: Placer | C2: {…} | D2: 45469.485 | E2: luis.bustos@momentumww.com | F2: 45469.485 | G2: luis.bustos@momentumww.com | H2: =F2+365 -> 45834.485
A3: APICONF002 | B3: QRTiger | C3: {…} | D3: 45469.485 | E3: luis.bustos@momentumww.com | F3: 45469.485 | G3: luis.bustos@momentumww.com | H3: =F3+365 -> 45834.485
A4: APICONF003 | B4: Kantata | C4: {…} | D4: 45469.485 | E4: luis.bustos@momentumww.com | F4: 45469.485 | G4: luis.bustos@momentumww.com | H4: =F4+365 -> 45834.485
A5: APICONF004 | B5: Somethingelse | C5: {…} | D5: 45469.485 | E5: luis.bustos@momentumww.com | F5: 45469.485 | G5: luis.bustos@momentumww.com | H5: =F5+365 -> 45834.485

Sheet MomentumOffices
A1: Office | B1: Region | C1: Country | D1: CountryCode | E1: Municipality | F1: MunicipalitySubdivision | G1: PostalCode | H1: StreetName | I1: StreetNumber | J1: FullAddress | K1: Latitude | L1: Longitude
A2: New York | B2: North America | C2: United States | D2: US | E2: New York | F2: Battery Park City | G2: 10282 | H2: Vesey Street | I2: 300 | J2: 300 Vesey Street, 15th Floor, New York, NY 10282, United States | K2: 40.714704 | L2: -74.016941
A3: Atlanta | B3: North America | C3: United States | D3: US | E3: Atlanta | F3: West Midtown | G3: 30318 | H3: Brady Avenue | I3: 944 | J3: 944 Brady Avenue, Atlanta, GA 30318, United States | K3: 33.780735 | L3: -84.413011
A4: Chicago | B4: North America | C4: United States | D4: US | E4: Chicago | F4: Near North Side | G4: 60611 | H4: North Michigan Avenue | I4: 444 | J4: 444 North Michigan Avenue, Suite 2700, Chicago, IL 60611, United States | K4: 41.89 | L4: -87.624
A5: St. Louis | B5: North America | C5: United States | D5: US | E5: St. Louis | F5: Downtown West | G5: 63103 | H5: Chestnut Street | I5: 1831 | J5: 1831 Chestnut Street, 7th Floor, St. Louis, MO 63103, United States | K5: 38.6293 | L5: -90.2025
A6: Seattle | B6: North America | C6: United States | D6: US | E6: Seattle | F6: Denny Triangle | G6: 98101 | H6: Stewart St | I6: 818 | J6: 818 Stewart St. Suite 1300, Seattle, WA 98101, United States | K6: 47.6158 | L6: -122.336
A7: Toronto | B7: North America | C7: Canada | D7: CA | E7: Toronto | F7: Old Toronto | G7: M5V 0N6 | H7: Wellington Street, West | I7: 200 | J7: 200 Wellington Street, West, Toronto, Ontario M5V 0N6, Canada | K7: 43.6441 | L7: -79.3952
A8: BogotÃ¡ | B8: South America | C8: Colombia | D8: CO | E8: Bogota | F8: Cundinamarca | G8: N/A | H8: Calle 96 | I8: 13A-21 | J8: Calle 96 13A-21, Cundinamarca, BogotÃ¡, Colombia | K8: 4.676 | L8: -74.046
A9: Lima | B9: South America | C9: Peru | D9: PE | E9: Lima | F9: Miraflores | G9: 18 | H9: Calle MÃ¡rtir JosÃ© Olaya | I9: 169 | J9: Calle MÃ¡rtir JosÃ© Olaya 169 â€“ Piso 13, Miraflores Lima 18, Peru | K9: -12.1214 | L9: -77.0282
A10: Santiago | B10: South America | C10: Chile | D10: CL | E10: Santiago | F10: Providencia | G10: N/A | H10: Bucarest | I10: 150 | J10: Bucarest 150, Office 501, Providencia, Santiago, Chile | K10: -33.4254 | L10: -70.6173
A11: SÃ£o Paulo | B11: South America | C11: Brazil | D11: BR | E11: Sao Paulo | F11: Jardim Europa | G11: 01455-000 | H11: Rua Hungria | I11: 1240 | J11: Rua Hungria, 1240, Jardim Europa, Sao Paulo-SP CEP:01455-000, Brazil | K11: -23.5848 | L11: -46.6937
A12: Athens | B12: EMEA | C12: Greece | D12: GR | E12: Athens | F12: Chalandri | G12: 15232 | H12: Hydras & Kifissias Avenue | I12: 2 & 280 | J12: 2 Hydras & 280 Kifissias Avenue, Chalandri, Athens 15232, Greece | K12: 38.0237 | L12: 23.8006
A13: Bucharest | B13: EMEA | C13: Romania | D13: RO | E13: Bucharest | F13: Sector 1 | G13: 010463 | H13: Jules Michelet St. | I13: 18 | J13: 18, Jules Michelet St., Bucharest, 010463, Romania | K13: 44.4475 | L13: 26.0979
A14: Cairo | B14: EMEA | C14: Egypt | D14: EG | E14: Cairo | F14: Mohandessin | G14: N/A | H14: Al Esraa Street | I14: 10 | J14: 10 Al Esraa Street, Off Lebanon St, Mohandessin, Cairo, Egypt | K14: 30.0544 | L14: 31.2023
A15: Dubai | B15: EMEA | C15: United Arab Emirates | D15: AE | E15: Dubai | F15: Barsha Heights | G15: 6834 | H15: MCN Hive Bldg. | I15: 6 | J15: Barsha heights, MCN Hive Bldg., Floor 6, PO Box 6834, Dubai, United Arab Emirates | K15: 25.0935 | L15: 55.1631
A16: Frankfurt | B16: EMEA | C16: Germany | D16: DE | E16: Frankfurt | F16: Sachsenhausen | G16: 60598 | H16: GroÃŸer Hasenpfad | I16: 44 | J16: GroÃŸer Hasenpfad 44, Frankfurt, 60598, Germany | K16: 50.0971 | L16: 8.6843
A17: Gothenburg | B17: EMEA | C17: Sweden | D17: SE | E17: Gothenburg | F17: Kungstorget | G17: 401 20 | H17: Kungstorget | I17: 7 | J17: Box 34, SE-401 20, BesÃ¶ksadress: Kungstorget 7, GÃ¶teborg, Sweden | K17: 57.7066 | L17: 11.9676
A18: London | B18: EMEA | C18: United Kingdom | D18: GB | E18: London | F18: Bishopsgate | G18: EC2M 3TP | H18: Bishopsgate | I18: 135 | J18: 135 Bishopsgate, 7th Floor, London, EC2M 3TP, United Kingdom | K18: 51.5163 | L18: -0.0818
A19: Madrid | B19: EMEA | C19: Spain | D19: ES | E19: Madrid | F19: ChamartÃ­n | G19: 28016 | H19: Enrique Jardiel Poncela | I19: 6 | J19: Enrique Jardiel Poncela, 6. 4Âª Planta., Madrid, 28016, Spain | K19: 40.4562 | L19: -3.6761
A20: Manchester | B20: EMEA | C20: United Kingdom | D20: GB | E20: Manchester | F20: Deansgate | G20: M3 3WF | H20: Deansgate | I20: 196 | J20: 196 Deansgate, 4th Floor, Manchester, M3 3WF, United Kingdom | K20: 53.4794 | L20: -2.2463
A21: Milan | B21: EMEA | C21: Italy | D21: IT | E21: Milan | F21: Centro Leoni | G21: 20141 | H21: Via Giovanni Spadolini | I21: 7 | J21: Via Giovanni Spadolini 7, Centro Leoni, Palazzo B, 20141 Milano, Italy | K21: 45.4489 | L21: 9.1918
A22: New Delhi | B22: Asia-Pacific | C22: India | D22: IN | E22: New Delhi | F22: Kalkaji | G22: 110019 | H22: Guru Ravi Dass Marg | I22: 8 | J22: 8 Balaji Estate, Guru Ravi Dass Marg, Kalkaji, New Delhi, 110019, India | K22: 28.5462 | L22: 77.2582
A23: Prague | B23: EMEA | C23: Czech Republic | D23: CZ | E23: Prague | F23: Praha 2 | G23: 120 00 | H23: Riegrovy sady | I23: 28 | J23: Riegrovy sady 28, 120 00 Prague 2, Czech Republic | K23: 50.0785 | L23: 14.4435
A24: Seoul | B24: Asia-Pacific | C24: South Korea | D24: KR | E24: Seoul | F24: Gangnam-gu | G24: 135-931 | H24: Bongeunsa-ro 2 gil | I24: 31 | J24: 7F, 31, Bongeunsa-ro 2 gil, Gangnam-gu, Seoul, South Korea | K24: 37.5087 | L24: 127.0348
A25: Sydney | B25: Asia-Pacific | C25: Australia | D25: AU | E25: Sydney | F25: Kent Street | G25: 2000 | H25: Kent Street | I25: 360 | J25: Level 6, 360 Kent Street, Sydney, NSW 2000, Australia | K25: -33.8688 | L25: 151.2093
A26: Tokyo | B26: Asia-Pacific | C26: Japan | D26: JP | E26: Tokyo | F26: Minato-ku | G26: 107-0062 | H26: Minami Aoyama | I26: Shin-Aoyama Bldg. East 12th Floor | J26: Shin-Aoyama Bldg. East 12th Floor, Minami Aoyama, Minato-ku, Tokyo, 107-0062, Japan | K26: 35.6595 | L26: 139.703
